Workbook

Sheet Dashboard
A1: Testing Dashboard
A3: Feature Summary
A4: Sheet | B4: Test Cases | C4: Smoke | D4: Regression | E4: Playwright Ready | F4: Execution Status
A5: Homepage | B5: =COUNTA(Homepage!A:A)-1 -> 18 | C5: =COUNTIF(Homepage!G:G,"Smoke") -> 6 | D5: =COUNTIF(Homepage!G:G,"Regression") -> 12 | E5: =COUNTIF(Homepage!K:K,"Yes") -> 18 | F5: Ready
A6: Signup_Login | B6: =COUNTA(Signup_Login!A:A)-1 -> 40 | C6: =COUNTIF(Signup_Login!G:G,"Smoke") -> 6 | D6: =COUNTIF(Signup_Login!G:G,"Regression") -> 34 | E6: =COUNTIF(Signup_Login!K:K,"Yes") -> 40 | F6: Ready
A7: Products | B7: =COUNTA(Products!A:A)-1 -> 24 | C7: =COUNTIF(Products!G:G,"Smoke") -> 4 | D7: =COUNTIF(Products!G:G,"Regression") -> 20 | E7: =COUNTIF(Products!K:K,"Yes") -> 24 | F7: Ready
A8: Cart | B8: =COUNTA(Cart!A:A)-1 -> 16 | C8: =COUNTIF(Cart!G:G,"Smoke") -> 3 | D8: =COUNTIF(Cart!G:G,"Regression") -> 13 | E8: =COUNTIF(Cart!K:K,"Yes") -> 16 | F8: Ready
A9: Checkout | B9: =COUNTA(Checkout!A:A)-1 -> 12 | C9: =COUNTIF(Checkout!G:G,"Smoke") -> 3 | D9: =COUNTIF(Checkout!G:G,"Regression") -> 9 | E9: =COUNTIF(Checkout!K:K,"Yes") -> 12 | F9: Ready
A10: Contact_Us | B10: =COUNTA(Contact_Us!A:A)-1 -> 12 | C10: =COUNTIF(Contact_Us!G:G,"Smoke") -> 1 | D10: =COUNTIF(Contact_Us!G:G,"Regression") -> 11 | E10: =COUNTIF(Contact_Us!K:K,"Yes") -> 12 | F10: Ready
A11: Combined_Flows | B11: =COUNTA(Combined_Flows!A:A)-1 -> 15 | C11: =COUNTIF(Combined_Flows!G:G,"Smoke") -> 3 | D11: =COUNTIF(Combined_Flows!G:G,"Regression") -> 12 | E11: =COUNTIF(Combined_Flows!K:K,"Yes") -> 15 | F11: Ready
A14: KPI Summary
A15: Total Test Cases | B15: =SUM(B5:B11) -> 137
A16: Total Smoke Cases | B16: =SUM(C5:C11) -> 26
A17: Total Regression Cases | B17: =SUM(D5:D11) -> 111
A18: Automation Candidates | B18: =SUM(E5:E11) -> 137
A19: Open Bugs | B19: =COUNTIF(Bug_Report!L:L,"Open") -> 2
A20: Closed Bugs | B20: =COUNTIF(Bug_Report!L:L,"Closed") -> 0
A21: Traceability Planned | B21: =COUNTIF(Traceability!J:J,"Planned") -> 137
A22: Traceability Automated | B22: =COUNTIF(Traceability!J:J,"Automated") -> 0
A24: How to Use
A25: 1. Use feature sheets to record Actual Result and Status during manual execution.
A26: 2. Status cells have dropdowns: Pass, Fail, Blocked, Not Run.
A27: 3. Priority is color coded: High=red, Medium=yellow, Low=green.
A28: 4. Suite Tag marks each case as Smoke or Regression.
A29: 5. Bug_Report sheet stores defects found during testing.
A30: 6. Traceability sheet links test cases to future Playwright specs.

Sheet Homepage
A1: Test Case ID | B1: Module | C1: Submodule | D1: Test Title | E1: Priority | F1: Type | G1: Suite Tag | H1: Preconditions | I1: Steps | J1: Expected Result | K1: Playwright Candidate | L1: Automation ID | M1: Actual Result | N1: Status
A2: HOME_001 | B2: Homepage | C2: Load | D2: Homepage loads successfully | E2: High | F2: Positive | G2: Smoke | H2: Browser open | I2: Navigate to https://automationexercise.com | J2: Homepage loads without error and main header is visible | K2: Yes | L2: AUTO_HOMEPAGE_001 | M2: Matches expected result | N2: Pass
A3: HOME_002 | B3: Homepage | C3: Header | D3: Site logo is visible | E3: High | F3: UI | G3: Smoke | H3: Homepage open | I3: Observe header area | J3: Logo/brand image is visible | K3: Yes | L3: AUTO_HOMEPAGE_002 | M3: Matches expected result | N3: Pass
A4: HOME_003 | B4: Homepage | C4: Header | D4: Home menu item is visible | E4: Medium | F4: UI | G4: Regression | H4: Homepage open | I4: Check top navigation | J4: Home link is visible | K4: Yes | L4: AUTO_HOMEPAGE_003 | M4: Matches expected result | N4: Pass
A5: HOME_004 | B5: Homepage | C5: Header | D5: Products menu item is visible | E5: Medium | F5: UI | G5: Regression | H5: Homepage open | I5: Check top navigation | J5: Products link is visible | K5: Yes | L5: AUTO_HOMEPAGE_004 | M5: Matches expected result | N5: Pass
A6: HOME_005 | B6: Homepage | C6: Header | D6: Cart menu item is visible | E6: Medium | F6: UI | G6: Regression | H6: Homepage open | I6: Check top navigation | J6: Cart link is visible | K6: Yes | L6: AUTO_HOMEPAGE_005 | M6: Matches expected result | N6: Pass
A7: HOME_006 | B7: Homepage | C7: Header | D7: Signup/Login menu item is visible | E7: High | F7: UI | G7: Smoke | H7: Homepage open | I7: Check top navigation | J7: Signup / Login link is visible | K7: Yes | L7: AUTO_HOMEPAGE_006 | M7: Matches expected result | N7: Pass
A8: HOME_007 | B8: Homepage | C8: Header | D8: Contact us menu item is visible | E8: Medium | F8: UI | G8: Regression | H8: Homepage open | I8: Check top navigation | J8: Contact us link is visible | K8: Yes | L8: AUTO_HOMEPAGE_007 | M8: Matches expected result | N8: Pass
A9: HOME_008 | B9: Homepage | C9: Navigation | D9: Products link opens products page | E9: High | F9: Navigation | G9: Smoke | H9: Homepage open | I9: Click Products | J9: Products page opens successfully | K9: Yes | L9: AUTO_HOMEPAGE_008 | M9: Matches expected result | N9: Pass
A10: HOME_009 | B10: Homepage | C10: Navigation | D10: Cart link opens cart page | E10: High | F10: Navigation | G10: Smoke | H10: Homepage open | I10: Click Cart | J10: Cart page opens successfully | K10: Yes | L10: AUTO_HOMEPAGE_009 | M10: Matches expected result | N10: Pass
A11: HOME_010 | B11: Homepage | C11: Navigation | D11: Signup/Login link opens auth page | E11: High | F11: Navigation | G11: Smoke | H11: Homepage open | I11: Click Signup / Login | J11: Signup/Login page opens successfully | K11: Yes | L11: AUTO_HOMEPAGE_010 | M11: Matches expected result | N11: Pass
A12: HOME_011 | B12: Homepage | C12: Navigation | D12: Contact us link opens contact page | E12: Medium | F12: Navigation | G12: Regression | H12: Homepage open | I12: Click Contact us | J12: Contact us page opens successfully | K12: Yes | L12: AUTO_HOMEPAGE_011 | M12: Matches expected result | N12: Pass
... A19: HOME_018 | B19: Homepage | C19: Authentication State | D19: Logged-in username appears after login | E19: Medium | F19: State | G19: Regression | H19: User has logged in | I19: Return to homepage | J19: Logged in as <username> text is shown | K19: Yes | L19: AUTO_HOMEPAGE_018 | M19: Matches expected result | N19: Pass

Sheet Signup_Login
A1: Test Case ID | B1: Module | C1: Submodule | D1: Test Title | E1: Priority | F1: Type | G1: Suite Tag | H1: Preconditions | I1: Steps | J1: Expected Result | K1: Playwright Candidate | L1: Automation ID | M1: Actual Result | N1: Status
A2: AUTH_001 | B2: Signup/Login | C2: Navigation | D2: Signup/Login page opens | E2: High | F2: Positive | G2: Smoke | H2: Homepage open | I2: Click Signup / Login | J2: Login and signup sections are visible | K2: Yes | L2: AUTO_SIGNUP_LOGIN_001 | M2: Matches expected result | N2: Pass
A3: AUTH_002 | B3: Signup/Login | C3: Login UI | D3: Login email field is visible | E3: High | F3: UI | G3: Regression | H3: Auth page open | I3: Observe login form | J3: Email field is displayed | K3: Yes | L3: AUTO_SIGNUP_LOGIN_002 | M3: Matches expected result | N3: Pass
A4: AUTH_003 | B4: Signup/Login | C4: Login UI | D4: Login password field is visible | E4: High | F4: UI | G4: Regression | H4: Auth page open | I4: Observe login form | J4: Password field is displayed | K4: Yes | L4: AUTO_SIGNUP_LOGIN_003 | M4: Matches expected result | N4: Pass
A5: AUTH_004 | B5: Signup/Login | C5: Login UI | D5: Login button is visible | E5: High | F5: UI | G5: Regression | H5: Auth page open | I5: Observe login form | J5: Login button is displayed | K5: Yes | L5: AUTO_SIGNUP_LOGIN_004 | M5: Matches expected result | N5: Pass
A6: AUTH_005 | B6: Signup/Login | C6: Signup UI | D6: Signup name field is visible | E6: High | F6: UI | G6: Regression | H6: Auth page open | I6: Observe signup form | J6: Name field is displayed | K6: Yes | L6: AUTO_SIGNUP_LOGIN_005 | M6: Matches expected result | N6: Pass
A7: AUTH_006 | B7: Signup/Login | C7: Signup UI | D7: Signup email field is visible | E7: High | F7: UI | G7: Regression | H7: Auth page open | I7: Observe signup form | J7: Email field is displayed | K7: Yes | L7: AUTO_SIGNUP_LOGIN_006 | M7: Matches expected result | N7: Pass
A8: AUTH_007 | B8: Signup/Login | C8: Signup UI | D8: Signup button is visible | E8: High | F8: UI | G8: Regression | H8: Auth page open | I8: Observe signup form | J8: Signup button is displayed | K8: Yes | L8: AUTO_SIGNUP_LOGIN_007 | M8: Matches expected result | N8: Pass
A9: AUTH_008 | B9: Signup/Login | C9: Login Validation | D9: Empty login submission | E9: High | F9: Negative | G9: Regression | H9: Auth page open | I9: Leave login email and password blank and click Login | J9: User is not logged in and browser/native validation or error message appears | K9: Yes | L9: AUTO_SIGNUP_LOGIN_008 | M9: Matches expected result | N9: Pass
A10: AUTH_009 | B10: Signup/Login | C10: Login Validation | D10: Login with empty email only | E10: High | F10: Negative | G10: Regression | H10: Auth page open | I10: Leave email blank, enter password, click Login | J10: Login is blocked | K10: Yes | L10: AUTO_SIGNUP_LOGIN_009 | M10: Matches expected result | N10: Pass
A11: AUTH_010 | B11: Signup/Login | C11: Login Validation | D11: Login with empty password only | E11: High | F11: Negative | G11: Regression | H11: Auth page open | I11: Enter email, leave password blank, click Login | J11: Login is blocked | K11: Yes | L11: AUTO_SIGNUP_LOGIN_010 | M11: Matches expected result | N11: Pass
A12: AUTH_011 | B12: Signup/Login | C12: Login Validation | D12: Login with invalid email format | E12: Medium | F12: Negative | G12: Regression | H12: Auth page open | I12: Enter invalid email format like abc and any password, click Login | J12: Form rejects invalid email or login fails | K12: Yes | L12: AUTO_SIGNUP_LOGIN_011 | M12: Matches expected result | N12: Pass
... A41: AUTH_040 | B41: Signup/Login | C41: Error Message | D41: Incorrect login error disappears after successful login | E41: Low | F41: State | G41: Regression | H41: User first gets invalid login then retries valid login | I41: Perform invalid then valid login | J41: User logs in and stale error message is not shown | K41: Yes | L41: AUTO_SIGNUP_LOGIN_040 | M41: Matches expected result | N41: Pass

Sheet Products
A1: Test Case ID | B1: Module | C1: Submodule | D1: Test Title | E1: Priority | F1: Type | G1: Suite Tag | H1: Preconditions | I1: Steps | J1: Expected Result | K1: Playwright Candidate | L1: Automation ID | M1: Actual Result | N1: Status
A2: PROD_001 | B2: Products | C2: Navigation | D2: Products page opens from header | E2: High | F2: Positive | G2: Smoke | H2: Homepage open | I2: Click Products | J2: Products page opens | K2: Yes | L2: AUTO_PRODUCTS_001 | M2: Matches expected result | N2: Pass
A3: PROD_002 | B3: Products | C3: Listing | D3: Product cards are visible | E3: High | F3: UI | G3: Smoke | H3: Products page open | I3: Observe product list | J3: At least one product card is visible | K3: Yes | L3: AUTO_PRODUCTS_002 | M3: Matches expected result | N3: Pass
A4: PROD_003 | B4: Products | C4: Listing | D4: Each product card shows name and price | E4: Medium | F4: UI | G4: Regression | H4: Products page open | I4: Inspect product card | J4: Name and price are visible | K4: Yes | L4: AUTO_PRODUCTS_003 | M4: Matches expected result | N4: Pass
A5: PROD_004 | B5: Products | C5: Listing | D5: View Product button/link is present | E5: Medium | F5: UI | G5: Regression | H5: Products page open | I5: Inspect product card | J5: View Product link is visible | K5: Yes | L5: AUTO_PRODUCTS_004 | M5: Matches expected result | N5: Pass
A6: PROD_005 | B6: Products | C6: Details | D6: Product detail page opens | E6: High | F6: Positive | G6: Smoke | H6: Products page open | I6: Click View Product on a product | J6: Product detail page opens | K6: Yes | L6: AUTO_PRODUCTS_005 | M6: Matches expected result | N6: Pass
A7: PROD_006 | B7: Products | C7: Details | D7: Product detail page shows product name | E7: High | F7: UI | G7: Regression | H7: Product detail page open | I7: Inspect product info | J7: Product name is visible | K7: Yes | L7: AUTO_PRODUCTS_006 | M7: Matches expected result | N7: Pass
A8: PROD_007 | B8: Products | C8: Details | D8: Product detail page shows category | E8: Medium | F8: UI | G8: Regression | H8: Product detail page open | I8: Inspect product info | J8: Category is visible | K8: Yes | L8: AUTO_PRODUCTS_007 | M8: Matches expected result | N8: Pass
A9: PROD_008 | B9: Products | C9: Details | D9: Product detail page shows price | E9: High | F9: UI | G9: Regression | H9: Product detail page open | I9: Inspect product info | J9: Price is visible | K9: Yes | L9: AUTO_PRODUCTS_008 | M9: Matches expected result | N9: Pass
A10: PROD_009 | B10: Products | C10: Details | D10: Product detail page shows availability condition and brand | E10: Medium | F10: UI | G10: Regression | H10: Product detail page open | I10: Inspect metadata area | J10: Availability, condition and brand are visible | K10: Yes | L10: AUTO_PRODUCTS_009 | M10: Matches expected result | N10: Pass
A11: PROD_010 | B11: Products | C11: Search | D11: Search box is visible | E11: High | F11: UI | G11: Regression | H11: Products page open | I11: Observe search area | J11: Search input is visible | K11: Yes | L11: AUTO_PRODUCTS_010 | M11: Matches expected result | N11: Pass
A12: PROD_011 | B12: Products | C12: Search | D12: Search button is visible | E12: Medium | F12: UI | G12: Regression | H12: Products page open | I12: Observe search area | J12: Search trigger is visible | K12: Yes | L12: AUTO_PRODUCTS_011 | M12: Matches expected result | N12: Pass
... A25: PROD_024 | B25: Products | C25: Resilience | D25: Repeated search actions do not break page | E25: Low | F25: Reliability | G25: Regression | H25: Products page open | I25: Run several different searches one after another | J25: Page stays responsive and accurate | K25: Yes | L25: AUTO_PRODUCTS_024 | M25: Matches expected result | N25: Pass

Sheet Cart
A1: Test Case ID | B1: Module | C1: Submodule | D1: Test Title | E1: Priority | F1: Type | G1: Suite Tag | H1: Preconditions | I1: Steps | J1: Expected Result | K1: Playwright Candidate | L1: Automation ID | M1: Actual Result | N1: Status
A2: CART_001 | B2: Cart | C2: Navigation | D2: Cart page opens from header | E2: High | F2: Positive | G2: Smoke | H2: Homepage open | I2: Click Cart | J2: Cart page opens | K2: Yes | L2: AUTO_CART_001 | M2: Matches expected result | N2: Pass
A3: CART_002 | B3: Cart | C3: Empty State | D3: Empty cart message is shown when no items exist | E3: High | F3: Positive | G3: Regression | H3: No item has been added | I3: Open cart page | J3: Empty cart message is shown | K3: Yes | L3: AUTO_CART_002 | M3: Matches expected result | N3: Pass
A4: CART_003 | B4: Cart | C4: Add Item | D4: Single item appears in cart after add | E4: High | F4: Positive | G4: Smoke | H4: Item added to cart | I4: Open cart | J4: Added item is listed | K4: Yes | L4: AUTO_CART_003 | M4: Matches expected result | N4: Pass
A5: CART_004 | B5: Cart | C5: Add Item | D5: Cart shows correct product name | E5: High | F5: Positive | G5: Regression | H5: Item added to cart | I5: Open cart and inspect row | J5: Product name matches selected product | K5: Yes | L5: AUTO_CART_004 | M5: Matches expected result | N5: Pass
A6: CART_005 | B6: Cart | C6: Add Item | D6: Cart shows correct price | E6: High | F6: Positive | G6: Regression | H6: Item added to cart | I6: Open cart and inspect price | J6: Price matches product price | K6: Yes | L6: AUTO_CART_005 | M6: Matches expected result | N6: Pass
A7: CART_006 | B7: Cart | C7: Add Item | D7: Cart shows correct quantity | E7: High | F7: Positive | G7: Regression | H7: Item added to cart | I7: Open cart and inspect quantity | J7: Quantity matches selected quantity | K7: Yes | L7: AUTO_CART_006 | M7: Matches expected result | N7: Pass
A8: CART_007 | B8: Cart | C8: Add Item | D8: Cart shows correct total | E8: High | F8: Positive | G8: Regression | H8: Item added to cart | I8: Open cart and inspect total | J8: Line total is correct | K8: Yes | L8: AUTO_CART_007 | M8: Matches expected result | N8: Pass
A9: CART_008 | B9: Cart | C9: Multiple Items | D9: Two different products can be added to cart | E9: Medium | F9: Positive | G9: Regression | H9: Products page open | I9: Add product A then product B and open cart | J9: Both products are listed | K9: Yes | L9: AUTO_CART_008 | M9: Matches expected result | N9: Pass
A10: CART_009 | B10: Cart | C10: Remove | D10: Remove icon/button is available | E10: Medium | F10: UI | G10: Regression | H10: Cart page with item open | I10: Inspect cart row | J10: Remove control is visible | K10: Yes | L10: AUTO_CART_009 | M10: Matches expected result | N10: Pass
A11: CART_010 | B11: Cart | C11: Remove | D11: Removing one item updates cart | E11: High | F11: Positive | G11: Regression | H11: Cart contains one or more items | I11: Click remove on an item | J11: Selected item is removed | K11: Yes | L11: AUTO_CART_010 | M11: Matches expected result | N11: Pass
A12: CART_011 | B12: Cart | C12: Remove | D12: Removing last item shows empty cart message | E12: High | F12: Positive | G12: Regression | H12: Cart contains one item | I12: Remove last item | J12: Empty cart message appears | K12: Yes | L12: AUTO_CART_011 | M12: Matches expected result | N12: Pass
... A17: CART_016 | B17: Cart | C17: Checkout Entry | D17: Proceed To Checkout from cart advances flow | E17: High | F17: Positive | G17: Regression | H17: Cart contains at least one item | I17: Click Proceed To Checkout | J17: Login prompt or checkout page appears | K17: Yes | L17: AUTO_CART_016 | M17: Matches expected result | N17: Pass

Sheet Checkout
A1: Test Case ID | B1: Module | C1: Submodule | D1: Test Title | E1: Priority | F1: Type | G1: Suite Tag | H1: Preconditions | I1: Steps | J1: Expected Result | K1: Playwright Candidate | L1: Automation ID | M1: Actual Result | N1: Status
A2: CHK_001 | B2: Checkout | C2: Access Control | D2: Checkout requires a non-empty cart | E2: High | F2: Negative | G2: Regression | H2: Cart empty | I2: Try to proceed into checkout from cart flow | J2: Checkout cannot complete with empty cart | K2: Yes | L2: AUTO_CHECKOUT_001 | M2: Matches expected result | N2: Pass
A3: CHK_002 | B3: Checkout | C3: Auth Gate | D3: Proceed to checkout without login redirects or prompts login | E3: High | F3: Positive | G3: Regression | H3: Cart has item and user is logged out | I3: Click Proceed To Checkout | J3: User is asked to login/register or redirected appropriately | K3: Yes | L3: AUTO_CHECKOUT_002 | M3: Matches expected result | N3: Pass
A4: CHK_003 | B4: Checkout | C4: Auth Gate | D4: Proceed to checkout after login opens checkout page | E4: High | F4: Positive | G4: Smoke | H4: Cart has item and user is logged in | I4: Click Proceed To Checkout | J4: Checkout page opens | K4: Yes | L4: AUTO_CHECKOUT_003 | M4: Matches expected result | N4: Pass
A5: CHK_004 | B5: Checkout | C5: Address | D5: Address details section is visible | E5: High | F5: UI | G5: Smoke | H5: Checkout page open | I5: Inspect page sections | J5: Address Details section is visible | K5: Yes | L5: AUTO_CHECKOUT_004 | M5: Matches expected result | N5: Pass
A6: CHK_005 | B6: Checkout | C6: Order Review | D6: Review your order section is visible | E6: High | F6: UI | G6: Regression | H6: Checkout page open | I6: Inspect page sections | J6: Review Your Order section is visible | K6: Yes | L6: AUTO_CHECKOUT_005 | M6: Matches expected result | N6: Pass
A7: CHK_006 | B7: Checkout | C7: Order Review | D7: Order summary shows item description | E7: High | F7: UI | G7: Regression | H7: Checkout page open | I7: Inspect order table | J7: Item description is visible | K7: Yes | L7: AUTO_CHECKOUT_006 | M7: Matches expected result | N7: Pass
A8: CHK_007 | B8: Checkout | C8: Order Review | D8: Order summary shows price quantity and total | E8: High | F8: UI | G8: Regression | H8: Checkout page open | I8: Inspect order table | J8: Price, quantity and total columns are visible | K8: Yes | L8: AUTO_CHECKOUT_007 | M8: Matches expected result | N8: Pass
A9: CHK_008 | B9: Checkout | C9: Comment | D9: Comment textarea is visible | E9: Medium | F9: UI | G9: Regression | H9: Checkout page open | I9: Observe comment area | J9: Comment textarea is visible | K9: Yes | L9: AUTO_CHECKOUT_008 | M9: Matches expected result | N9: Pass
A10: CHK_009 | B10: Checkout | C10: Comment | D10: User can type order comment | E10: Medium | F10: Positive | G10: Regression | H10: Checkout page open | I10: Enter text in comment field | J10: Text is accepted | K10: Yes | L10: AUTO_CHECKOUT_009 | M10: Matches expected result | N10: Pass
A11: CHK_010 | B11: Checkout | C11: Place Order | D11: Place Order button is visible | E11: High | F11: UI | G11: Smoke | H11: Checkout page open | I11: Inspect action area | J11: Place Order button is visible | K11: Yes | L11: AUTO_CHECKOUT_010 | M11: Matches expected result | N11: Pass
A12: CHK_011 | B12: Checkout | C12: Place Order | D12: Place Order action moves user to payment step/page | E12: High | F12: Positive | G12: Regression | H12: Checkout page open | I12: Click Place Order | J12: Payment step/page opens | K12: Yes | L12: AUTO_CHECKOUT_011 | M12: Matches expected result | N12: Pass
A13: CHK_012 | B13: Checkout | C13: Resilience | D13: Refreshing checkout page does not corrupt visible order details | E13: Low | F13: Reliability | G13: Regression | H13: Checkout page open | I13: Refresh page | J13: Checkout remains usable or redirects predictably | K13: Yes | L13: AUTO_CHECKOUT_012 | M13: Matches expected result | N13: Pass

Sheet Contact_Us
A1: Test Case ID | B1: Module | C1: Submodule | D1: Test Title | E1: Priority | F1: Type | G1: Suite Tag | H1: Preconditions | I1: Steps | J1: Expected Result | K1: Playwright Candidate | L1: Automation ID | M1: Actual Result | N1: Status
A2: CONT_001 | B2: Contact Us | C2: Navigation | D2: Contact Us page opens | E2: High | F2: Positive | G2: Smoke | H2: Homepage open | I2: Click Contact us | J2: Contact Us page opens | K2: Yes | L2: AUTO_CONTACT_US_001 | M2: Matches expected result | N2: Pass
A3: CONT_002 | B3: Contact Us | C3: UI | D3: Name field is visible | E3: Medium | F3: UI | G3: Regression | H3: Contact page open | I3: Inspect form | J3: Name field is visible | K3: Yes | L3: AUTO_CONTACT_US_002 | M3: Matches expected result | N3: Pass
A4: CONT_003 | B4: Contact Us | C4: UI | D4: Email field is visible | E4: Medium | F4: UI | G4: Regression | H4: Contact page open | I4: Inspect form | J4: Email field is visible | K4: Yes | L4: AUTO_CONTACT_US_003 | M4: Matches expected result | N4: Pass
A5: CONT_004 | B5: Contact Us | C5: UI | D5: Subject field is visible | E5: Low | F5: UI | G5: Regression | H5: Contact page open | I5: Inspect form | J5: Subject field is visible | K5: Yes | L5: AUTO_CONTACT_US_004 | M5: Matches expected result | N5: Pass
A6: CONT_005 | B6: Contact Us | C6: UI | D6: Message field is visible | E6: Medium | F6: UI | G6: Regression | H6: Contact page open | I6: Inspect form | J6: Message textarea is visible | K6: Yes | L6: AUTO_CONTACT_US_005 | M6: Matches expected result | N6: Pass
A7: CONT_006 | B7: Contact Us | C7: UI | D7: Submit button is visible | E7: Medium | F7: UI | G7: Regression | H7: Contact page open | I7: Inspect form | J7: Submit button is visible | K7: Yes | L7: AUTO_CONTACT_US_006 | M7: Matches expected result | N7: Pass
A8: CONT_007 | B8: Contact Us | C8: Validation | D8: Empty form submission is blocked | E8: High | F8: Negative | G8: Regression | H8: Contact page open | I8: Leave required fields blank and submit | J8: Submission does not succeed | K8: Yes | L8: AUTO_CONTACT_US_007 | M8: Matches expected result | N8: Pass
A9: CONT_008 | B9: Contact Us | C9: Validation | D9: Invalid email format is rejected | E9: High | F9: Negative | G9: Regression | H9: Contact page open | I9: Enter invalid email format and fill others, submit | J9: Email validation or non-success behavior occurs | K9: Yes | L9: AUTO_CONTACT_US_008 | M9: Matches expected result | N9: Pass
A10: CONT_009 | B10: Contact Us | C10: Positive | D10: Valid contact form submits successfully | E10: High | F10: Positive | G10: Regression | H10: Contact page open | I10: Fill valid name email subject message and submit | J10: Success message is shown | K10: Yes | L10: AUTO_CONTACT_US_009 | M10: Matches expected result | N10: Pass
A11: CONT_010 | B11: Contact Us | C11: Attachment | D11: File upload control is visible if present | E11: Low | F11: UI | G11: Regression | H11: Contact page open | I11: Inspect form for upload control | J11: Upload control is visible when available | K11: Yes | L11: AUTO_CONTACT_US_010 | M11: Matches expected result | N11: Pass
A12: CONT_011 | B12: Contact Us | C12: Alert Handling | D12: Submission confirmation alert can be accepted if shown | E12: Low | F12: Positive | G12: Regression | H12: Valid form filled | I12: Submit contact form and accept alert if prompted | J12: Submission completes successfully | K12: Yes | L12: AUTO_CONTACT_US_011 | M12: Matches expected result | N12: Pass
A13: CONT_012 | B13: Contact Us | C13: Navigation | D13: Home button/return link works after successful submission | E13: Low | F13: Positive | G13: Regression | H13: Contact form submitted successfully | I13: Click Home or return navigation | J13: User is navigated back appropriately | K13: Yes | L13: AUTO_CONTACT_US_012 | M13: Matches expected result | N13: Pass

Sheet Combined_Flows
A1: Test Case ID | B1: Module | C1: Submodule | D1: Test Title | E1: Priority | F1: Type | G1: Suite Tag | H1: Preconditions | I1: Steps | J1: Expected Result | K1: Playwright Candidate | L1: Automation ID | M1: Actual Result | N1: Status
A2: FLOW_001 | B2: Combined Flows | C2: Auth + Header | D2: New user can sign up then appears logged in on homepage | E2: High | F2: E2E | G2: Smoke | H2: User has unique email | I2: Complete signup then continue to homepage | J2: Logged-in username is visible on homepage | K2: Yes | L2: AUTO_COMBINED_FLOWS_001 | M2: Matches expected result | N2: Pass
A3: FLOW_002 | B3: Combined Flows | C3: Auth + Products | D3: Logged-in user can open products after login | E3: High | F3: E2E | G3: Regression | H3: User logged in | I3: Navigate to Products from header | J3: Products page opens and session stays active | K3: Yes | L3: AUTO_COMBINED_FLOWS_002 | M3: Matches expected result | N3: Pass
A4: FLOW_003 | B4: Combined Flows | C4: Auth + Cart | D4: Logged-in user can add product to cart from products page | E4: High | F4: E2E | G4: Regression | H4: User logged in and on products page | I4: Add product and open cart | J4: Added product is in cart | K4: Yes | L4: AUTO_COMBINED_FLOWS_003 | M4: Matches expected result | N4: Pass
A5: FLOW_004 | B5: Combined Flows | C5: Guest Checkout Gate | D5: Guest user adds item then is prompted to login at checkout | E5: High | F5: E2E | G5: Smoke | H5: User logged out | I5: Add item to cart, open cart, click Proceed To Checkout | J5: User is prompted to login/register | K5: Yes | L5: AUTO_COMBINED_FLOWS_004 | M5: Matches expected result | N5: Pass
A6: FLOW_005 | B6: Combined Flows | C6: Login + Checkout | D6: Existing user logs in and proceeds to checkout | E6: High | F6: E2E | G6: Smoke | H6: Existing user credentials available and item in cart | I6: Login then go to cart and checkout | J6: Checkout page opens | K6: Yes | L6: AUTO_COMBINED_FLOWS_005 | M6: Matches expected result | N6: Pass
A7: FLOW_006 | B7: Combined Flows | C7: Search + Cart | D7: User searches product then adds one matching result to cart | E7: High | F7: E2E | G7: Regression | H7: Products page open | I7: Search for a keyword then add one result to cart | J7: Correct searched product is added | K7: Yes | L7: AUTO_COMBINED_FLOWS_006 | M7: Matches expected result | N7: Pass
A8: FLOW_007 | B8: Combined Flows | C8: Detail + Cart | D8: User opens product detail then adds selected quantity to cart | E8: High | F8: E2E | G8: Regression | H8: Products page open | I8: Open a product detail, change quantity, add to cart | J8: Cart contains selected quantity | K8: Yes | L8: AUTO_COMBINED_FLOWS_007 | M8: Matches expected result | N8: Pass
A9: FLOW_008 | B9: Combined Flows | C9: Cart + Remove | D9: User adds two products and removes one from cart | E9: Medium | F9: E2E | G9: Regression | H9: Products page open | I9: Add two items, open cart, remove one item | J9: Remaining item stays in cart, removed item disappears | K9: Yes | L9: AUTO_COMBINED_FLOWS_008 | M9: Matches expected result | N9: Pass
A10: FLOW_009 | B10: Combined Flows | C10: Login Retry | D10: User fails login once then succeeds with correct credentials | E10: Medium | F10: E2E | G10: Regression | H10: Existing user available | I10: Attempt invalid login then valid login | J10: Final state is logged in and no stale error blocks use | K10: Yes | L10: AUTO_COMBINED_FLOWS_009 | M10: Matches expected result | N10: Pass
A11: FLOW_010 | B11: Combined Flows | C11: Signup Duplicate | D11: User signs up successfully, logs out, then duplicate signup is rejected | E11: Medium | F11: E2E | G11: Regression | H11: Unique test email available | I11: Create account, logout, try signup again with same email | J11: Duplicate email error appears | K11: Yes | L11: AUTO_COMBINED_FLOWS_010 | M11: Matches expected result | N11: Pass
A12: FLOW_011 | B12: Combined Flows | C12: Checkout Comment | D12: Logged-in user adds product, reaches checkout and submits comment | E12: Medium | F12: E2E | G12: Regression | H12: Existing user available | I12: Login, add product, open checkout, type comment | J12: Comment is accepted on checkout page | K12: Yes | L12: AUTO_COMBINED_FLOWS_011 | M12: Matches expected result | N12: Pass
... A16: FLOW_015 | B16: Combined Flows | C16: Delete Account Cleanup | D16: New user signs up then deletes account successfully | E16: Medium | F16: E2E | G16: Regression | H16: Unique test email available | I16: Complete signup/login and use Delete Account | J16: Account Deleted confirmation appears | K16: Yes | L16: AUTO_COMBINED_FLOWS_015 | M16: Matches expected result | N16: Pass

Sheet Bug_Report
A1: Bug ID | B1: Linked Test Case ID | C1: Module | D1: Summary | E1: Severity | F1: Priority | G1: Environment | H1: Preconditions | I1: Steps to Reproduce | J1: Expected Result | K1: Actual Result | L1: Status | M1: Assigned To | N1: Evidence Link | O1: Notes
A2: BUG_001 | B2: AUTH_012 | C2: Signup/Login | D2: Incorrect login error not shown for invalid credentials | E2: Major | F2: High | G2: Chrome latest | H2: User on login page | I2: Enter wrong email and password, click Login | J2: Application should show incorrect email/password message | L2: Open
A3: BUG_002 | B3: PROD_015 | C3: Products | D3: No empty-state message after invalid product search | E3: Minor | F3: Medium | G3: Chrome latest | H3: User on products page | I3: Search for @@@@ | J3: System should show empty-state or no-results message | L3: Open

Sheet Traceability
A1: Requirement ID | B1: Business Flow | C1: Feature Sheet | D1: Test Case ID | E1: Test Title | F1: Priority | G1: Suite Tag | H1: Automation Candidate | I1: Suggested Spec File | J1: Coverage Status | K1: Notes
A2: REQ_001 | B2: Homepage | C2: Homepage | D2: HOME_001 | E2: Homepage loads successfully | F2: High | G2: Smoke | H2: Yes | I2: homepage.spec.js | J2: Planned
A3: REQ_002 | B3: Homepage | C3: Homepage | D3: HOME_002 | E3: Site logo is visible | F3: High | G3: Smoke | H3: Yes | I3: homepage.spec.js | J3: Planned
A4: REQ_003 | B4: Homepage | C4: Homepage | D4: HOME_003 | E4: Home menu item is visible | F4: Medium | G4: Regression | H4: Yes | I4: homepage.spec.js | J4: Planned
A5: REQ_004 | B5: Homepage | C5: Homepage | D5: HOME_004 | E5: Products menu item is visible | F5: Medium | G5: Regression | H5: Yes | I5: homepage.spec.js | J5: Planned
A6: REQ_005 | B6: Homepage | C6: Homepage | D6: HOME_005 | E6: Cart menu item is visible | F6: Medium | G6: Regression | H6: Yes | I6: homepage.spec.js | J6: Planned
A7: REQ_006 | B7: Homepage | C7: Homepage | D7: HOME_006 | E7: Signup/Login menu item is visible | F7: High | G7: Smoke | H7: Yes | I7: homepage.spec.js | J7: Planned
A8: REQ_007 | B8: Homepage | C8: Homepage | D8: HOME_007 | E8: Contact us menu item is visible | F8: Medium | G8: Regression | H8: Yes | I8: homepage.spec.js | J8: Planned
A9: REQ_008 | B9: Homepage | C9: Homepage | D9: HOME_008 | E9: Products link opens products page | F9: High | G9: Smoke | H9: Yes | I9: homepage.spec.js | J9: Planned
A10: REQ_009 | B10: Homepage | C10: Homepage | D10: HOME_009 | E10: Cart link opens cart page | F10: High | G10: Smoke | H10: Yes | I10: homepage.spec.js | J10: Planned
A11: REQ_010 | B11: Homepage | C11: Homepage | D11: HOME_010 | E11: Signup/Login link opens auth page | F11: High | G11: Smoke | H11: Yes | I11: homepage.spec.js | J11: Planned
A12: REQ_011 | B12: Homepage | C12: Homepage | D12: HOME_011 | E12: Contact us link opens contact page | F12: Medium | G12: Regression | H12: Yes | I12: homepage.spec.js | J12: Planned
A13: REQ_012 | B13: Homepage | C13: Homepage | D13: HOME_012 | E13: Homepage refresh keeps page stable | F13: Low | G13: Regression | H13: Yes | I13: homepage.spec.js | J13: Planned
... A138: REQ_137 | B138: Delete Account Cleanup | C138: Combined_Flows | D138: FLOW_015 | E138: New user signs up then deletes account successfully | F138: Medium | G138: Regression | H138: Yes | I138: combined_flows.spec.js | J138: Planned
